<?xml version="1.0" encoding="UTF-8"?>
<deploy xmlns="http://www.apache.org/ode/schemas/dd/2007/03" 
xmlns:brms="http://javeriana-maintenance/brms" 
xmlns:mop="http://aerolineas-latinoamericana.com/soa/mop-message/mop-rule/"
xmlns:proc="http://aerolineas-latinoamericana.com/soa/processes/crew-message/process-crew-message/"
xmlns:rep="http://mtx.enterprise/services/reporter"
xmlns:fil="http://mtx.enterprise/services/filter"
xmlns:inc="http://aerolineas-latinoamericana.com/soa/processes/incidents-message/process-incidents-message/"
xmlns:tns="http://swift.business.process">
  <process name="tns:swift-business-process">
    <active>true</active>
    <retired>false</retired>
    
    <process-events generate="all"/>
    
    <provide partnerLink="client">
			<service name="tns:swift-business-process" port="swift-business-processPort" />
		</provide>

	<invoke partnerLink="businessRuleServicePartnerLink">
			<service name="brms:businessRuleService" port="businessRulePort" />
	</invoke>
	
	<invoke partnerLink="reportingPartnerLink">
			<service name="rep:ReportingWSService" port="ReportingWSPort" />
	</invoke>
	
	<invoke partnerLink="filterPartnerLink">
			<service name="fil:FilterServiceService" port="FilterServicePort" />
	</invoke>
	
	<invoke partnerLink="crewServicePartnerLink">
			<service name="proc:CrewService" port="CrewPortType" />
	</invoke>
	
	<invoke partnerLink="incidentServicePartnerLink">
			<service name="inc:incidentService" port="incidentPort" />
	</invoke>
    
    <invoke partnerLink="mopPartnerLink">
			<service name="mop:mop" port="mopSOAP" />
	</invoke>
	 
  </process>
</deploy>