<?xml version="1.0" encoding="UTF-8"?>
<deploy xmlns="http://www.apache.org/ode/schemas/dd/2007/03" 
xmlns:brms="http://javeriana-maintenance/brms" 
xmlns:proc="http://aerolineas-latinoamericana.com/soa/processes/crew-message/process-crew-message/"
xmlns:inc="http://aerolineas-latinoamericana.com/soa/processes/incidents-message/process-incidents-message/"
xmlns:sample="http://javeriana-maintenance/bpel-engine/services">
  <process name="sample:maintenance-business-process">
    <active>true</active>
    <retired>false</retired>
    <process-events generate="all"/>
    
    
    <provide partnerLink="client">
			<service name="sample:maintenance-business-process" port="maintenance-business-processPort" />
		</provide>

	<invoke partnerLink="businessRuleServicePartnerLink">
			<service name="brms:businessRuleService" port="businessRulePort" />
	</invoke>
	
	<invoke partnerLink="crewServicePartnerLink">
			<service name="proc:CrewService" port="CrewPortType" />
	</invoke>
	
	<invoke partnerLink="incidentServicePartnerLink">
			<service name="inc:incidentService" port="incidentPort" />
	</invoke>
	
  </process>
</deploy>